schoolName,email
"SHREE BHAGYODAY VIDHYAMANDIR VADODAR","bhagyodayschoolvadodar@gmail.com"
"VEDANT VIDHYA BHAVAN","vedantvidhyabhavan@gmail.com"
"SARASVATI VIDHYALAY BHUTVAD","shreesaraswatiprimaryschool@gmail.com"
"DREAM INTERNATIONAL SEC. ENG. SCHOOL DHORAJI","dis.dhoraji@gmail.com"
"SHREE SWAMINARAYAN VIDHYAPEETH GUJARATI","swaminarayangujarati@gmail.com"
"N.H. NIMAVAT ENG PRI SCHOOL KALANA","nimavatschool@gmail.com"
"ALPHA ENGLISH SCHOOL","alphaschoolmotimarad1@gmail.com"
"GYAN JYOT ENGLISH SCHOOL PATANVAV","omshantifamily28@gmail.com"
"SRI M Z VASA PRIMARY SCHOOL PATANVAV","mzspvpatanvav344@gmail.com"
"SMT. L.N. GOVANI PRI SCHOOL","principal24090102505@ssguj.in"
"ROYAL GIRLS SCHOOL DHORAJI","royalgirlsschool@yahoo.in"
"MUSLIM HIGH SCHOOL DHORAJI","mmschooldhoraji@yahoo.com"
"ROYAL GIRLS UPPAR PRIMARY SCHOOL DHORAJI","royalgirlsschooldhoraji@gmail.com"
"DRONA INTERNATIONAL SCHOOL (EM)","surani.rajendra@gmail.com"
"CRYSTAL ACADEMY SCHOOL DHORAJI","crystalacademy78@gmail.com"
"MADRESA-A-RONAKE ISLAM SCHOOL DHORAJI","rownakschoolprimary@gmail.com"
"MADRESA-A-ANVARUL ISLAM SCHOOL DHORAJI","madresaanwarulgirlsschool@gmail.com"
"MADRESA-A-FAZULE ISLAM SCHOOL DHORAJI","jenabbenkhalifa@gmail.com"
"SHREE K.O. SHAH SCHOOL OF COMMERCE","aesdhoraji@gmail.com"
"SARASVATI PRIMARY SCHOOL DHORAJI","rvstrustdhoraji@yahoo.in"
"ARJUN VIDHYA MANDIR DHORAJI","arjun.vidhyalay.dhoraji@gmail.com"
"APURVA ENGLISH SCHOOL DHORAJI","apurva.school@yahoo.com"
"NEW BEST ENGLISH SCHOOL (GM)","nbeschool19@gmail.com"
"SRI PATEL VIDHYA MANDIR DHORAJI","patelprimary47@gmail.com"
"PRAGNA ENGLISH SCHOOL DHORAJI","pragna9427@gmail.com"
"SRI SARVODAY VIDHYA PRIMARY SCHOOL","sarvodayschool24@gmail.com"
"SHREE NACHIKETA SECONDARY SCHOOL DHORAJI","nachiketaschool1@gmail.com"
"UNIQUE SCHOOL OF SCIENCE (SEC)","uniqueschool2008@gmail.com"
"MARUTI VIDHYALAY DHORAJI","principal24090101049@ssguj.in"
"M M SCHOOL DHORAJI","mmschoolprimarygujaratimedium@gmail.com"
"ARJUN VIDYALAY DHORAJI","arjunvidyalay.dhoraji@gmail.com"
"SANDIPANI PRIMARY SCHOOL OF EXCELLENCE DHORAJI","sandipanisvs@gmail.com"
"SHREE CHANKYA VIDYALAY DHORAJI","chanakyasecondaryschooldhoraji@gmail.com"
"ALFRED HIGH SCHOOL DHORAJI","principal24090101069@ssguj.in"
"ROYAL HIGHER SECONDARY SCHOOL DHORAJI","royalschooldhoraji@yahoo.com"
"ANKUR PRI SCHOOL DHORAJI","apexcomputer5363@gmail.com"
"SHREE BHAGYODAY PRI SHALA DHORAJI","shreebhagyodayschool@gmail.com"
"KRISHNA PRIMARY SCHOOL DHORAJI","krishnascienceschooldhoraji@gmail.com"
"THE IMPERIAL SCIENCE SCHOOL","theimperialscienceschool@gmail.com"
"KALARAV PRIMARY SCHOOL DHORAJI","kalaravschool@yahoo.in"
"A Z KANERIA PRIMARY SCHOOL DHORAJI","azkaneiaprimaryschool@gmail.com"
"ROYAL MADHYAMIK SHALA DHORAJI","royalinternationalschooldhoraji@yahoo.com"
"SHREE SWAMINARAYAN VIDHYAPEETH","principal.ssvf@gmail.com"
"DREAM INTERNATIONAL SCHOOL DHORAJI","dismailbox1@gmail.com"
"CRYSTAL ACADEMY SCHOOL DHORAJI","crystalacedemy78@gmail.com"
"RAJKUMAR VIDHYALAY DHORAJI","nileshkakadiya1984@gmail.com"
"PARISHRAM VIDHYALAY","parishramshalasankul@gmail.com"
"CRYSTAL SCHOOL (ENG MED)","principal.crystalinternational@gmail.com"
"GANGOTRI INTERNATIONAL SCHOOL","admin@gisgondal.com"
"B.A.P.S. SWAMINARAYAN VIDYAMANDIR UPPER PRIMARY GIRLS SCHOOL GUJ. MED.","bapssvmgondal@gmail.com"
"VIVEKANAND PRI. SCHOOL","vivekanandschool37@gmail.com"
"GYANYAGNA VIDHYALAYA","gyansagar0240@gmail.com"
"B.A.P.S. SWAMINARAYAN VIDYAMANDIR UPPER PRIMARY GIRLS SCHOOL ENG. MED","bapsvmgondal@gmail.com"
"GAJANAN SANKUL","gajanansankulgomta@gmail.com"
"NYARI SCHOOL","nyarischool@gmail.com"
"GAJANAN PRI .SCHOOL","gajananschoolgomta@gmail.com"
"SHREE SANSKAR VIDHYALAYA","sanskarschoolkolithad@gmail.com"
"SHREE GYANYAGNA VIDHYALAY","gyanyagn2007@gmail.com"
"NILKANTH VIDHYA SANKUL","nilakanthvidhyasankul@gmail.com"
"SHRI GYANYAGN VIDHYALAY","ramaliyaashvin43@gmail.com"
"TULASHI MANDIR PRA. SCHOOL","tulsiedu.trust@gmail.com"
"AUMKAR VIDHYALAYA","aumkarschool7578@gmail.com"
"SARASWATI VIDHYALAY PRI. SCHOO","shishumandirderdi@gmail.com"
"NALANDA PRI. SCHOOL","narandavidhyalay@yahoo.com"
"PARTH PRIMARY SCHOOL","parthschool2012@gmail.com"
"JAY HIND VIDHYALAY PRI. SCHOOL","sreejayhindvidhayalay@gmail.com"
"SARVODAY PRI. SCHOOL","sarvoday719@gmail.com"
"VIVEKANAND PRI. SCHOOL","bhalalaashiq@gmail.com"
"SHREE PATEL VIDHYALAY","pateledu88@gmail.com"
"SHRIJI VIDHYA MANDIR","ambhalala@gmail.com"
"S.G.V.P. INTERNATIONAL SCHOOL","admin.rajkot@sgvp.org"
"SAGUN VIDHYALAY","sagundigitalschool@gmail.com"
"PARTH VIDHYALAY","gohelpurvesh@gmail.com"
"MAHARANI SHREE RAJKUVARABA KANYA VIDHYALAY","mrajkunvarbaedutrust@yahoo.com"
"A N PANELIA PRI SCHOOL","anpschoolambardi@gmail.com"
"NIRMALA PRI. SCHOOL","nirmalaschool48@gmail.com"
"SHREE MATRUMANDIR VIDHYALAY","akhilesh.trivedi77@gmail.com"
"SHREE ADARSH MADHYAMIK SCHOOL","adarshschool923@gmail.com"
"SUNSHINE PRI. SCHOOL","principal24090202425@ssguj.in"
"VIDHYASAGAR PRI. SCHOOL","principal24090202427@ssguj.in"
"MAHATMA GANDHI VIDHYALAYA","dr.rajeshdave16@gmail.com"
"JAWAHAR VIDHYALAY","jawahar.j2013j@gmail.com"
"SHRI ALPHA PRI. SCHOOL","p.b.satodiya11@gmail.com"
"PANCHSHIL PRI. SCHOOL","principal24090202442@ssguj.in"
"TANNA ENGLISH MEDIUM SCHOOL","madhusudanmtanna@gmail.com"
"SHREE YOGESHVAR PRI. SCHOOL","bnraiyani103@gmail.com"
"VIDHYAMANDIR PRI. SCHOOL","vidhyamandirprimary@gmail.com"
"SARASVATI VIDHYA MANDIR","saraswatischool83@gmail.com"
"KALAPI PRI. SCHOOL","kalapipraschool@gmail.com"
"JAY SARDAR PATEL HIGH SCHOOL","spssgondal@gmail.com"
"SARASWATI JAIN VIDHYALAYA GONDAL","mjmsheth@yahoo.com"
"SHRI DASI JIVAN VIDHYAMANDIR","sdjschoo2009@gmail.com"
"DR. P. V. D. SARASWATI MADHY. VIDHY.","gondalssmv@yahoo.in"
"SAMARPAN PRI. SCHOOL","samarpanschool11@gmail.com"
"GYANGANGA PRI. SCHOOL","principal24090202478@ssguj.in"
"MANIMANDIR PRI. SCHOOL","principal24090202480@ssguj.in"
"ST MARYS HIGHER SECONDARY SCHOOL","stmarygondal@gmail.com"
"SHREE GEETA VIDHYAMANDIR","yogesh.gajera@yahoo.com"
"KABIR PRI.SCHOOL","kabirschoolst1@gmail.com"
"PARTH VIDYAMANDIR","bgss2002@gmail.com"